Index Name,DATE,pe,pb,divYield,pe*pb
Nifty Midcap Select,2021-09-14,54.07,3.38,0.75,182.7566
Nifty Midcap Select,2021-09-15,54.79,3.42,0.82,187.3818
Nifty Midcap Select,2021-09-16,55.1,3.44,0.90,189.544
Nifty Midcap Select,2021-09-17,54.63,3.41,0.85,186.28830000000002
Nifty Midcap Select,2021-09-20,53.33,3.33,0.88,177.5889
Nifty Midcap Select,2021-09-21,53.61,3.35,0.87,179.5935
Nifty Midcap Select,2021-09-22,55.2,3.45,0.85,190.44000000000003
Nifty Midcap Select,2021-09-23,56.0,3.5,0.83,196.0
Nifty Midcap Select,2021-09-24,55.48,3.24,0.84,179.7552
Nifty Midcap Select,2021-09-27,55.79,3.26,0.84,181.87539999999998
Nifty Midcap Select,2021-09-28,55.28,3.23,0.84,178.55440000000002
Nifty Midcap Select,2021-09-29,55.85,3.26,0.84,182.071
Nifty Midcap Select,2021-09-30,28.72,3.26,0.99,93.62719999999999
Nifty Midcap Select,2021-10-01,28.62,3.24,0.99,92.7288
Nifty Midcap Select,2021-10-04,29.1,3.3,0.98,96.03
Nifty Midcap Select,2021-10-05,29.24,3.32,0.97,97.07679999999999
Nifty Midcap Select,2021-10-06,28.85,3.27,0.99,94.3395
Nifty Midcap Select,2021-10-07,29.58,3.35,0.96,99.093
Nifty Midcap Select,2021-10-08,29.52,3.35,0.96,98.892
Nifty Midcap Select,2021-10-11,29.95,3.39,0.95,101.5305
Nifty Midcap Select,2021-10-12,30.27,3.43,0.94,103.8261
Nifty Midcap Select,2021-10-13,30.77,3.49,0.92,107.38730000000001
Nifty Midcap Select,2021-10-14,30.78,3.49,0.92,107.4222
Nifty Midcap Select,2021-10-18,31.3,3.55,0.91,111.115
Nifty Midcap Select,2021-10-19,30.47,3.43,0.93,104.5121
Nifty Midcap Select,2021-10-20,30.09,3.38,0.94,101.7042
Nifty Midcap Select,2021-10-21,30.16,3.39,0.94,102.2424
Nifty Midcap Select,2021-10-22,30.09,3.38,0.94,101.7042
Nifty Midcap Select,2021-10-25,29.89,3.31,0.96,98.9359
Nifty Midcap Select,2021-10-26,30.39,3.4,0.94,103.326
Nifty Midcap Select,2021-10-27,30.06,3.4,0.94,102.204
Nifty Midcap Select,2021-10-28,29.46,3.33,0.96,98.10180000000001
Nifty Midcap Select,2021-10-29,29.47,3.33,0.96,98.1351
Nifty Midcap Select,2021-11-01,29.43,3.39,0.94,99.7677
Nifty Midcap Select,2021-11-02,29.12,3.44,0.95,100.1728
Nifty Midcap Select,2021-11-03,29.09,3.43,0.95,99.7787
Nifty Midcap Select,2021-11-04,29.28,3.46,0.95,101.3088
Nifty Midcap Select,2021-11-08,29.53,3.51,0.93,103.6503
Nifty Midcap Select,2021-11-09,29.86,3.54,0.93,105.70439999999999
Nifty Midcap Select,2021-11-10,29.69,3.52,0.94,104.50880000000001
Nifty Midcap Select,2021-11-11,29.68,3.49,0.99,103.5832
Nifty Midcap Select,2021-11-12,29.73,3.5,0.98,104.055
Nifty Midcap Select,2021-11-15,29.52,3.51,0.87,103.61519999999999
Nifty Midcap Select,2021-11-16,29.18,3.5,0.88,102.13
Nifty Midcap Select,2021-11-17,28.92,3.47,1.00,100.35240000000002
Nifty Midcap Select,2021-11-18,28.37,3.4,1.01,96.458
Nifty Midcap Select,2021-11-22,27.49,3.3,1.03,90.71699999999998
Nifty Midcap Select,2021-11-23,28.08,3.37,0.89,94.6296
Nifty Midcap Select,2021-11-24,28.05,3.36,0.89,94.248
Nifty Midcap Select,2021-11-25,28.15,3.38,0.90,95.14699999999999
Nifty Midcap Select,2021-11-26,26.99,3.24,0.94,87.4476
Nifty Midcap Select,2021-11-29,26.55,3.18,0.95,84.429
Nifty Midcap Select,2021-11-30,26.55,3.18,0.95,84.429
Nifty Midcap Select,2021-12-01,26.91,3.23,0.94,86.9193
Nifty Midcap Select,2021-12-02,27.18,3.26,0.93,88.60679999999999
Nifty Midcap Select,2021-12-03,27.2,3.26,0.93,88.672
Nifty Midcap Select,2021-12-06,26.88,3.22,0.94,86.5536
Nifty Midcap Select,2021-12-07,27.25,3.27,0.93,89.1075
Nifty Midcap Select,2021-12-08,27.69,3.32,0.91,91.9308
Nifty Midcap Select,2021-12-09,27.78,3.33,0.91,92.5074
Nifty Midcap Select,2021-12-10,27.97,3.36,0.90,93.97919999999999
Nifty Midcap Select,2021-12-13,27.82,3.34,0.91,92.91879999999999
Nifty Midcap Select,2021-12-14,27.73,3.33,0.91,92.3409
Nifty Midcap Select,2021-12-15,27.48,3.3,0.92,90.684
Nifty Midcap Select,2021-12-16,27.34,3.28,0.92,89.67519999999999
Nifty Midcap Select,2021-12-17,26.5,3.18,0.95,84.27000000000001
Nifty Midcap Select,2021-12-20,25.52,3.06,0.99,78.0912
Nifty Midcap Select,2021-12-21,25.9,3.11,0.98,80.54899999999999
Nifty Midcap Select,2021-12-22,26.3,3.15,0.96,82.845
Nifty Midcap Select,2021-12-23,26.57,3.19,0.95,84.7583
Nifty Midcap Select,2021-12-24,26.21,3.14,0.96,82.2994
Nifty Midcap Select,2021-12-27,26.23,3.15,0.96,82.6245
Nifty Midcap Select,2021-12-28,26.46,3.17,0.95,83.8782
Nifty Midcap Select,2021-12-29,26.47,3.17,0.95,83.9099
Nifty Midcap Select,2021-12-30,26.42,3.17,0.96,83.7514
Nifty Midcap Select,2021-12-31,26.8,3.21,0.94,86.028
Nifty Midcap Select,2022-01-03,27.19,3.26,0.93,88.6394
Nifty Midcap Select,2022-01-04,27.36,3.28,0.92,89.7408
Nifty Midcap Select,2022-01-05,27.5,3.3,0.92,90.75
Nifty Midcap Select,2022-01-06,27.65,3.32,0.91,91.79799999999999
Nifty Midcap Select,2022-01-07,27.89,3.34,0.91,93.15259999999999
Nifty Midcap Select,2022-01-10,28.18,3.38,0.90,95.24839999999999
Nifty Midcap Select,2022-01-11,28.32,3.4,0.89,96.288
Nifty Midcap Select,2022-01-12,28.72,3.44,0.88,98.79679999999999
Nifty Midcap Select,2022-01-13,28.91,3.47,0.87,100.3177
Nifty Midcap Select,2022-01-14,28.92,3.47,0.87,100.35240000000002
Nifty Midcap Select,2022-01-17,28.93,3.47,0.87,100.3871
Nifty Midcap Select,2022-01-18,28.33,3.4,0.89,96.32199999999999
Nifty Midcap Select,2022-01-19,28.33,3.4,0.89,96.32199999999999
Nifty Midcap Select,2022-01-20,28.22,3.38,0.90,95.38359999999999
Nifty Midcap Select,2022-01-21,27.5,3.3,0.92,90.75
Nifty Midcap Select,2022-01-24,26.42,3.17,0.95,83.7514
Nifty Midcap Select,2022-01-25,26.78,3.22,0.94,86.23160000000001
Nifty Midcap Select,2022-01-27,26.89,3.21,0.94,86.3169
Nifty Midcap Select,2022-01-28,26.82,3.24,0.94,86.89680000000001
Nifty Midcap Select,2022-01-31,27.15,3.28,0.91,89.05199999999999
Nifty Midcap Select,2022-02-01,27.42,3.32,0.90,91.0344
Nifty Midcap Select,2022-02-02,27.75,3.36,0.90,93.24
Nifty Midcap Select,2022-02-03,27.5,3.33,0.92,91.575
Nifty Midcap Select,2022-02-04,26.39,3.28,0.93,86.55919999999999
Nifty Midcap Select,2022-02-07,26.17,3.25,0.94,85.05250000000001
Nifty Midcap Select,2022-02-08,25.67,3.23,0.91,82.9141
Nifty Midcap Select,2022-02-09,26.1,3.28,0.93,85.608
Nifty Midcap Select,2022-02-10,26.25,3.29,0.93,86.3625
Nifty Midcap Select,2022-02-11,25.28,3.22,0.95,81.4016
Nifty Midcap Select,2022-02-14,23.98,3.08,0.99,73.8584
Nifty Midcap Select,2022-02-15,24.95,3.19,1.06,79.59049999999999
Nifty Midcap Select,2022-02-16,24.88,3.18,1.06,79.1184
Nifty Midcap Select,2022-02-17,24.83,3.18,1.06,78.9594
Nifty Midcap Select,2022-02-18,24.61,3.15,1.07,77.52149999999999
Nifty Midcap Select,2022-02-21,24.38,3.12,1.11,76.0656
Nifty Midcap Select,2022-02-22,24.18,3.1,1.12,74.958
Nifty Midcap Select,2022-02-23,24.21,3.1,1.12,75.051
Nifty Midcap Select,2022-02-24,22.73,2.91,1.19,66.1443
Nifty Midcap Select,2022-02-25,23.7,3.03,1.14,71.81099999999999
Nifty Midcap Select,2022-02-28,23.92,3.06,1.13,73.1952
Nifty Midcap Select,2022-03-02,23.85,3.05,1.13,72.7425
Nifty Midcap Select,2022-03-03,23.6,3.02,1.15,71.272
Nifty Midcap Select,2022-03-04,23.03,2.95,1.17,67.9385
Nifty Midcap Select,2022-03-07,22.44,2.87,1.20,64.4028
Nifty Midcap Select,2022-03-08,22.77,2.91,1.19,66.2607
Nifty Midcap Select,2022-03-09,23.37,2.99,1.16,69.87630000000001
Nifty Midcap Select,2022-03-10,23.53,3.01,1.15,70.8253
Nifty Midcap Select,2022-03-11,23.67,3.03,1.19,71.7201
Nifty Midcap Select,2022-03-14,23.71,3.04,1.19,72.0784
Nifty Midcap Select,2022-03-15,23.65,3.03,1.19,71.6595
Nifty Midcap Select,2022-03-16,24.2,3.1,1.17,75.02
Nifty Midcap Select,2022-03-17,24.63,3.15,1.15,77.58449999999999
Nifty Midcap Select,2022-03-21,24.33,3.11,1.06,75.66629999999999
Nifty Midcap Select,2022-03-22,24.42,3.13,1.05,76.4346
Nifty Midcap Select,2022-03-23,24.5,3.14,1.01,76.93
Nifty Midcap Select,2022-03-24,24.66,3.16,1.04,77.9256
Nifty Midcap Select,2022-03-25,24.62,3.15,1.06,77.553
Nifty Midcap Select,2022-03-28,24.48,3.13,1.07,76.6224
Nifty Midcap Select,2022-03-29,24.58,3.15,1.07,77.42699999999999
Nifty Midcap Select,2022-03-30,24.82,3.18,1.05,78.9276
Nifty Midcap Select,2022-03-31,31.89,4.59,0.98,146.3751
Nifty Midcap Select,2022-04-01,32.32,4.65,0.96,150.288
Nifty Midcap Select,2022-04-04,32.74,4.71,0.95,154.2054
Nifty Midcap Select,2022-04-05,33.21,4.78,0.92,158.74380000000002
Nifty Midcap Select,2022-04-06,33.33,4.8,0.91,159.98399999999998
Nifty Midcap Select,2022-04-07,33.03,4.76,0.92,157.2228
Nifty Midcap Select,2022-04-08,33.33,4.8,0.91,159.98399999999998
Nifty Midcap Select,2022-04-11,33.41,4.81,0.91,160.70209999999997
Nifty Midcap Select,2022-04-12,32.82,4.73,0.93,155.23860000000002
Nifty Midcap Select,2022-04-13,32.78,4.72,0.93,154.7216
Nifty Midcap Select,2022-04-18,32.23,4.64,0.95,149.54719999999998
Nifty Midcap Select,2022-04-19,31.91,4.6,0.96,146.786
Nifty Midcap Select,2022-04-20,32.07,4.62,0.95,148.1634
Nifty Midcap Select,2022-04-21,32.47,4.68,0.94,151.9596
Nifty Midcap Select,2022-04-22,32.13,4.63,0.95,148.7619
Nifty Midcap Select,2022-04-25,31.41,4.53,0.97,142.28730000000002
Nifty Midcap Select,2022-04-26,31.97,4.61,0.95,147.3817
Nifty Midcap Select,2022-04-27,31.64,4.56,0.96,144.27839999999998
Nifty Midcap Select,2022-04-28,31.87,4.59,0.96,146.2833
Nifty Midcap Select,2022-04-29,31.34,4.56,0.96,142.91039999999998
Nifty Midcap Select,2022-05-02,30.79,4.53,0.97,139.4787
Nifty Midcap Select,2022-05-04,30.68,4.45,0.99,136.526
Nifty Midcap Select,2022-05-05,30.83,4.47,0.98,137.81009999999998
Nifty Midcap Select,2022-05-06,30.17,4.38,1.00,132.1446
Nifty Midcap Select,2022-05-09,29.05,4.26,1.03,123.753
Nifty Midcap Select,2022-05-10,28.17,4.19,1.06,118.03230000000002
Nifty Midcap Select,2022-05-11,27.99,4.16,1.06,116.4384
Nifty Midcap Select,2022-05-12,27.37,4.05,1.09,110.8485
Nifty Midcap Select,2022-05-13,27.63,4.08,1.08,112.7304
Nifty Midcap Select,2022-05-16,28.05,4.15,1.06,116.40750000000001
Nifty Midcap Select,2022-05-17,28.82,4.26,1.03,122.77319999999999
Nifty Midcap Select,2022-05-18,28.79,4.25,1.03,122.3575
Nifty Midcap Select,2022-05-19,27.8,4.11,1.07,114.25800000000001
Nifty Midcap Select,2022-05-20,28.43,4.2,1.05,119.406
Nifty Midcap Select,2022-05-23,29.37,4.22,1.05,123.9414
Nifty Midcap Select,2022-05-24,29.24,4.2,1.05,122.80799999999999
Nifty Midcap Select,2022-05-25,28.82,4.11,1.07,118.45020000000001
Nifty Midcap Select,2022-05-26,29.08,4.15,1.06,120.682
Nifty Midcap Select,2022-05-27,29.56,4.22,1.05,124.74319999999999
Nifty Midcap Select,2022-05-30,30.34,4.32,1.02,131.0688
Nifty Midcap Select,2022-05-31,30.48,4.34,1.02,132.2832
Nifty Midcap Select,2022-06-01,30.47,4.35,1.02,132.54449999999997
Nifty Midcap Select,2022-06-02,30.75,4.36,1.02,134.07000000000002
Nifty Midcap Select,2022-06-03,30.26,4.29,1.04,129.8154
Nifty Midcap Select,2022-06-06,30.06,4.26,1.07,128.0556
Nifty Midcap Select,2022-06-07,29.81,4.23,1.08,126.09630000000001
Nifty Midcap Select,2022-06-08,29.76,4.22,1.08,125.5872
Nifty Midcap Select,2022-06-09,29.93,4.24,1.10,126.9032
Nifty Midcap Select,2022-06-10,29.68,4.21,1.11,124.9528
Nifty Midcap Select,2022-06-13,28.7,4.07,1.15,116.80900000000001
Nifty Midcap Select,2022-06-14,28.66,4.06,1.15,116.35959999999999
Nifty Midcap Select,2022-06-15,28.86,4.09,1.21,118.03739999999999
Nifty Midcap Select,2022-06-16,28.09,3.98,1.21,111.7982
Nifty Midcap Select,2022-06-17,27.88,3.95,1.17,110.126
Nifty Midcap Select,2022-06-20,27.35,3.88,1.18,106.11800000000001
Nifty Midcap Select,2022-06-21,28.13,3.99,1.15,112.23870000000001
Nifty Midcap Select,2022-06-22,27.64,3.92,1.17,108.3488
Nifty Midcap Select,2022-06-23,28.07,3.98,1.15,111.7186
Nifty Midcap Select,2022-06-24,28.46,4.03,1.14,114.69380000000001
Nifty Midcap Select,2022-06-27,28.8,4.08,1.13,117.504
Nifty Midcap Select,2022-06-28,28.85,4.09,1.12,117.9965
Nifty Midcap Select,2022-06-29,28.73,4.07,1.13,116.93110000000001
Nifty Midcap Select,2022-06-30,28.46,4.04,1.14,114.97840000000001
Nifty Midcap Select,2022-07-01,28.56,4.05,1.14,115.66799999999999
Nifty Midcap Select,2022-07-04,28.74,4.07,1.13,116.9718
Nifty Midcap Select,2022-07-05,28.61,4.06,1.22,116.15659999999998
Nifty Midcap Select,2022-07-06,29.23,4.14,1.19,121.01219999999999
Nifty Midcap Select,2022-07-07,29.56,4.19,1.18,123.85640000000001
Nifty Midcap Select,2022-07-08,29.59,4.15,0.88,122.7985
Nifty Midcap Select,2022-07-11,29.59,4.15,0.88,122.7985
Nifty Midcap Select,2022-07-12,29.41,4.13,0.89,121.4633
Nifty Midcap Select,2022-07-13,29.65,4.16,0.88,123.344
Nifty Midcap Select,2022-07-14,29.55,4.15,0.94,122.63250000000001
Nifty Midcap Select,2022-07-15,29.88,4.19,0.92,125.19720000000001
Nifty Midcap Select,2022-07-18,30.0,4.25,0.90,127.5
Nifty Midcap Select,2022-07-19,30.13,4.27,0.90,128.65509999999998
Nifty Midcap Select,2022-07-20,30.35,4.3,0.89,130.505
Nifty Midcap Select,2022-07-21,30.68,4.35,0.88,133.458
Nifty Midcap Select,2022-07-22,30.75,4.36,0.88,134.07000000000002
Nifty Midcap Select,2022-07-25,30.63,4.36,0.88,133.54680000000002
Nifty Midcap Select,2022-07-26,30.01,4.28,0.90,128.4428
Nifty Midcap Select,2022-07-27,30.29,4.32,0.90,130.8528
Nifty Midcap Select,2022-07-28,30.17,4.36,0.89,131.5412
Nifty Midcap Select,2022-07-29,30.59,4.43,0.88,135.5137
Nifty Midcap Select,2022-08-01,29.88,4.52,0.86,135.05759999999998
Nifty Midcap Select,2022-08-02,28.83,4.53,0.86,130.5999
Nifty Midcap Select,2022-08-03,28.53,4.48,0.87,127.81440000000002
Nifty Midcap Select,2022-08-04,28.71,4.51,0.86,129.4821
Nifty Midcap Select,2022-08-05,28.68,4.51,0.86,129.3468
Nifty Midcap Select,2022-08-08,28.18,4.41,0.93,124.27380000000001
Nifty Midcap Select,2022-08-10,38.2,4.4,0.93,168.08
Nifty Midcap Select,2022-08-11,38.62,4.36,0.91,168.3832
Nifty Midcap Select,2022-08-12,38.6,4.37,0.90,168.68200000000002
Nifty Midcap Select,2022-08-16,38.51,4.41,0.89,169.82909999999998
Nifty Midcap Select,2022-08-17,38.83,4.36,0.89,169.2988
Nifty Midcap Select,2022-08-18,38.96,4.38,0.90,170.6448
Nifty Midcap Select,2022-08-19,38.5,4.33,0.93,166.705
Nifty Midcap Select,2022-08-22,37.65,4.23,1.13,159.2595
Nifty Midcap Select,2022-08-23,38.13,4.29,1.11,163.57770000000002
Nifty Midcap Select,2022-08-24,38.24,4.3,1.11,164.432
Nifty Midcap Select,2022-08-25,38.14,4.29,1.11,163.6206
Nifty Midcap Select,2022-08-26,38.3,4.3,1.11,164.68999999999997
Nifty Midcap Select,2022-08-29,37.79,4.25,1.11,160.6075
Nifty Midcap Select,2022-08-30,38.62,4.27,1.09,164.90739999999997
Nifty Midcap Select,2022-09-01,38.73,4.28,1.07,165.7644
Nifty Midcap Select,2022-09-02,38.73,4.28,1.02,165.7644
Nifty Midcap Select,2022-09-05,38.94,4.3,1.02,167.44199999999998
Nifty Midcap Select,2022-09-06,39.01,4.31,1.02,168.13309999999998
Nifty Midcap Select,2022-09-07,39.29,4.34,1.01,170.5186
Nifty Midcap Select,2022-09-08,39.37,4.35,1.01,171.25949999999997
Nifty Midcap Select,2022-09-09,39.55,4.37,1.00,172.8335
Nifty Midcap Select,2022-09-12,39.99,4.42,0.99,176.7558
Nifty Midcap Select,2022-09-13,39.99,4.42,0.89,176.7558
Nifty Midcap Select,2022-09-14,39.73,4.39,0.87,174.41469999999998
Nifty Midcap Select,2022-09-15,39.88,4.41,0.92,175.87080000000003
Nifty Midcap Select,2022-09-16,38.62,4.27,0.95,164.90739999999997
Nifty Midcap Select,2022-09-19,38.53,4.26,0.95,164.1378
Nifty Midcap Select,2022-09-20,39.09,4.32,0.95,168.86880000000002
Nifty Midcap Select,2022-09-21,38.88,4.3,0.94,167.184
Nifty Midcap Select,2022-09-22,39.07,4.32,0.94,168.78240000000002
Nifty Midcap Select,2022-09-23,38.08,4.21,0.96,160.3168
Nifty Midcap Select,2022-09-26,36.93,4.08,0.99,150.6744
Nifty Midcap Select,2022-09-27,36.88,4.07,0.99,150.10160000000002
Nifty Midcap Select,2022-09-28,36.72,4.06,1.00,149.08319999999998
Nifty Midcap Select,2022-09-29,36.86,4.07,0.99,150.02020000000002
Nifty Midcap Select,2022-09-30,37.71,3.77,0.75,142.1667
Nifty Midcap Select,2022-10-03,37.14,3.72,0.76,138.16080000000002
Nifty Midcap Select,2022-10-04,38.33,3.84,0.74,147.1872
Nifty Midcap Select,2022-10-06,38.92,3.89,0.72,151.39880000000002
Nifty Midcap Select,2022-10-07,38.78,3.88,0.73,150.4664
Nifty Midcap Select,2022-10-10,38.38,3.84,0.73,147.3792
Nifty Midcap Select,2022-10-11,37.78,3.78,0.75,142.8084
Nifty Midcap Select,2022-10-12,38.06,3.81,0.74,145.0086
Nifty Midcap Select,2022-10-13,37.71,3.77,0.75,142.1667
Nifty Midcap Select,2022-10-14,37.64,3.77,0.75,141.9028
Nifty Midcap Select,2022-10-17,37.89,3.79,0.74,143.6031
Nifty Midcap Select,2022-10-18,38.44,3.85,0.73,147.994
Nifty Midcap Select,2022-10-19,38.54,3.86,0.73,148.7644
Nifty Midcap Select,2022-10-20,38.03,3.83,0.74,145.6549
Nifty Midcap Select,2022-10-21,37.68,3.8,0.74,143.184
Nifty Midcap Select,2022-10-24,37.83,3.81,0.74,144.1323
Nifty Midcap Select,2022-10-25,36.58,3.82,0.74,139.73559999999998
Nifty Midcap Select,2022-10-27,36.82,3.84,0.74,141.3888
Nifty Midcap Select,2022-10-28,36.58,3.82,0.74,139.73559999999998
Nifty Midcap Select,2022-10-31,37.23,3.88,0.73,144.45239999999998
Nifty Midcap Select,2022-11-01,37.63,3.93,0.72,147.88590000000002
Nifty Midcap Select,2022-11-02,37.81,3.92,0.70,148.2152
Nifty Midcap Select,2022-11-03,37.8,3.92,0.71,148.176
Nifty Midcap Select,2022-11-04,43.89,3.9,0.71,171.171
Nifty Midcap Select,2022-11-07,44.05,3.94,0.70,173.557
Nifty Midcap Select,2022-11-09,43.53,3.89,0.68,169.3317
Nifty Midcap Select,2022-11-10,43.02,3.84,0.69,165.1968
Nifty Midcap Select,2022-11-11,43.05,3.84,0.69,165.31199999999998
Nifty Midcap Select,2022-11-14,45.9,3.84,0.69,176.256
Nifty Midcap Select,2022-11-15,47.12,3.83,0.69,180.46959999999999
Nifty Midcap Select,2022-11-16,47.01,3.8,0.70,178.63799999999998
Nifty Midcap Select,2022-11-17,46.87,3.79,0.67,177.63729999999998
Nifty Midcap Select,2022-11-18,45.99,3.76,0.67,172.9224
Nifty Midcap Select,2022-11-21,45.92,3.76,0.68,172.6592
Nifty Midcap Select,2022-11-22,46.29,3.79,0.69,175.4391
Nifty Midcap Select,2022-11-23,46.42,3.8,0.69,176.396
Nifty Midcap Select,2022-11-24,46.61,3.81,0.70,177.5841
Nifty Midcap Select,2022-11-25,46.97,3.84,0.68,180.3648
Nifty Midcap Select,2022-11-28,47.22,3.86,0.68,182.26919999999998
Nifty Midcap Select,2022-11-29,46.76,3.83,0.69,179.0908
Nifty Midcap Select,2022-11-30,47.36,3.87,0.68,183.2832
Nifty Midcap Select,2022-12-01,47.69,3.9,0.67,185.99099999999999
Nifty Midcap Select,2022-12-02,47.96,3.92,0.67,188.0032
Nifty Midcap Select,2022-12-05,47.91,3.92,0.67,187.8072
Nifty Midcap Select,2022-12-06,47.74,3.91,0.67,186.66340000000002
Nifty Midcap Select,2022-12-07,47.45,3.88,0.68,184.106
Nifty Midcap Select,2022-12-08,47.59,3.89,0.67,185.12510000000003
Nifty Midcap Select,2022-12-09,47.34,3.87,0.68,183.2058
Nifty Midcap Select,2022-12-12,47.48,3.88,0.68,184.2224
Nifty Midcap Select,2022-12-13,47.48,3.88,0.68,184.2224
Nifty Midcap Select,2022-12-14,47.96,3.92,0.67,188.0032
Nifty Midcap Select,2022-12-15,47.51,3.89,0.68,184.8139
Nifty Midcap Select,2022-12-16,46.73,3.82,0.69,178.50859999999997
Nifty Midcap Select,2022-12-19,47.02,3.85,0.68,181.02700000000002
Nifty Midcap Select,2022-12-20,46.9,3.84,0.68,180.09599999999998
Nifty Midcap Select,2022-12-21,46.19,3.78,0.69,174.5982
Nifty Midcap Select,2022-12-22,45.85,3.75,0.70,171.9375
Nifty Midcap Select,2022-12-23,44.37,3.63,0.72,161.0631
Nifty Midcap Select,2022-12-26,45.34,3.71,0.71,168.2114
Nifty Midcap Select,2022-12-27,45.83,3.75,0.70,171.86249999999998
Nifty Midcap Select,2022-12-28,45.93,3.76,0.70,172.6968
Nifty Midcap Select,2022-12-29,45.77,3.74,0.70,171.17980000000003
Nifty Midcap Select,2022-12-30,45.83,3.76,0.70,172.3208
Nifty Midcap Select,2023-01-02,46.04,3.78,0.70,174.03119999999998
Nifty Midcap Select,2023-01-03,46.03,3.78,0.76,173.9934
Nifty Midcap Select,2023-01-04,45.45,3.73,0.77,169.5285
Nifty Midcap Select,2023-01-05,45.73,3.75,0.76,171.48749999999998
Nifty Midcap Select,2023-01-06,45.45,3.73,0.77,169.5285
Nifty Midcap Select,2023-01-09,45.74,3.75,0.76,171.525
Nifty Midcap Select,2023-01-10,45.52,3.74,0.77,170.24480000000003
Nifty Midcap Select,2023-01-11,45.36,3.72,0.77,168.7392
Nifty Midcap Select,2023-01-12,45.16,3.71,0.77,167.5436
Nifty Midcap Select,2023-01-13,45.03,3.7,0.77,166.61100000000002
Nifty Midcap Select,2023-01-16,44.68,3.67,0.78,163.9756
Nifty Midcap Select,2023-01-17,44.64,3.66,0.78,163.38240000000002
Nifty Midcap Select,2023-01-18,44.93,3.69,0.78,165.7917
Nifty Midcap Select,2023-01-19,44.79,3.69,0.78,165.27509999999998
Nifty Midcap Select,2023-01-20,44.03,3.65,0.78,160.7095
Nifty Midcap Select,2023-01-23,43.88,3.69,0.77,161.9172
Nifty Midcap Select,2023-01-24,43.68,3.68,0.78,160.7424
Nifty Midcap Select,2023-01-25,43.0,3.63,0.81,156.09
Nifty Midcap Select,2023-01-27,42.21,3.57,0.80,150.6897
Nifty Midcap Select,2023-01-30,42.28,3.57,0.80,150.93959999999998
Nifty Midcap Select,2023-01-31,42.85,3.63,0.79,155.5455
Nifty Midcap Select,2023-02-01,42.86,3.63,0.79,155.5818
Nifty Midcap Select,2023-02-02,40.64,3.63,0.80,147.5232
Nifty Midcap Select,2023-02-03,40.08,3.64,0.80,145.8912
Nifty Midcap Select,2023-02-06,40.29,3.66,0.82,147.4614
Nifty Midcap Select,2023-02-07,40.23,3.66,0.82,147.24179999999998
Nifty Midcap Select,2023-02-08,40.54,3.69,0.81,149.5926
Nifty Midcap Select,2023-02-09,40.72,3.7,0.81,150.66400000000002
Nifty Midcap Select,2023-02-10,40.79,3.71,0.81,151.33089999999999
Nifty Midcap Select,2023-02-13,42.36,3.66,0.82,155.0376
Nifty Midcap Select,2023-02-14,42.67,3.65,0.82,155.7455
Nifty Midcap Select,2023-02-15,43.88,3.67,0.82,161.0396
Nifty Midcap Select,2023-02-16,44.99,3.7,0.81,166.46300000000002
Nifty Midcap Select,2023-02-17,45.62,3.74,0.82,170.6188
Nifty Midcap Select,2023-02-20,45.67,3.74,0.81,170.8058
Nifty Midcap Select,2023-02-21,45.43,3.72,0.79,168.99960000000002
Nifty Midcap Select,2023-02-22,44.84,3.68,0.80,165.01120000000003
Nifty Midcap Select,2023-02-23,44.63,3.66,0.80,163.34580000000003
Nifty Midcap Select,2023-02-24,44.51,3.65,0.80,162.4615
Nifty Midcap Select,2023-02-27,44.09,3.61,0.81,159.16490000000002
Nifty Midcap Select,2023-02-28,44.3,3.63,0.81,160.809
Nifty Midcap Select,2023-03-01,44.84,3.68,0.80,165.01120000000003
Nifty Midcap Select,2023-03-02,44.79,3.67,0.80,164.3793
Nifty Midcap Select,2023-03-03,45.12,3.7,0.79,166.944
Nifty Midcap Select,2023-03-06,45.37,3.72,0.79,168.7764
Nifty Midcap Select,2023-03-08,45.65,3.74,0.78,170.731
Nifty Midcap Select,2023-03-09,45.25,3.71,0.79,167.8775
Nifty Midcap Select,2023-03-10,45.05,3.69,0.79,166.2345
Nifty Midcap Select,2023-03-13,44.16,3.62,0.76,159.8592
Nifty Midcap Select,2023-03-14,43.97,3.6,0.76,158.292
Nifty Midcap Select,2023-03-15,43.84,3.59,0.76,157.3856
Nifty Midcap Select,2023-03-16,44.24,3.63,0.75,160.59120000000001
Nifty Midcap Select,2023-03-17,44.5,3.65,0.75,162.42499999999998
Nifty Midcap Select,2023-03-20,44.07,3.61,0.75,159.0927
Nifty Midcap Select,2023-03-21,44.27,3.63,0.75,160.70010000000002
Nifty Midcap Select,2023-03-22,44.35,3.64,0.75,161.434
Nifty Midcap Select,2023-03-23,44.13,3.62,0.75,159.75060000000002
Nifty Midcap Select,2023-03-24,43.57,3.57,0.76,155.54489999999998
Nifty Midcap Select,2023-03-27,43.4,3.56,0.75,154.504
Nifty Midcap Select,2023-03-28,43.21,3.54,0.75,152.9634
Nifty Midcap Select,2023-03-29,43.97,3.6,0.74,158.292
Nifty Midcap Select,2023-03-31,31.59,2.83,0.85,89.3997
Nifty Midcap Select,2023-04-03,31.6,2.83,0.85,89.42800000000001
Nifty Midcap Select,2023-04-05,31.44,2.81,0.86,88.3464
Nifty Midcap Select,2023-04-06,31.7,2.84,0.85,90.02799999999999
Nifty Midcap Select,2023-04-10,31.81,2.85,0.85,90.6585
Nifty Midcap Select,2023-04-11,31.91,2.86,0.85,91.26259999999999
Nifty Midcap Select,2023-04-12,32.15,2.88,0.84,92.592
Nifty Midcap Select,2023-04-13,32.42,2.9,0.83,94.018
Nifty Midcap Select,2023-04-17,32.51,2.91,0.83,94.6041
Nifty Midcap Select,2023-04-18,32.83,2.94,0.82,96.52019999999999
Nifty Midcap Select,2023-04-19,32.83,2.94,0.82,96.52019999999999
Nifty Midcap Select,2023-04-20,32.91,2.94,0.82,96.7554
Nifty Midcap Select,2023-04-21,32.75,2.93,0.82,95.95750000000001
Nifty Midcap Select,2023-04-24,32.98,2.95,0.82,97.291
Nifty Midcap Select,2023-04-25,33.15,2.97,0.81,98.4555
Nifty Midcap Select,2023-04-26,33.2,2.97,0.81,98.60400000000001
Nifty Midcap Select,2023-04-27,33.09,2.98,0.81,98.60820000000001
Nifty Midcap Select,2023-04-28,33.46,3.01,0.81,100.71459999999999
Nifty Midcap Select,2023-05-02,33.4,3.05,0.80,101.86999999999999
Nifty Midcap Select,2023-05-03,32.99,3.05,0.79,100.6195
Nifty Midcap Select,2023-05-04,33.19,3.07,0.79,101.89329999999998
Nifty Midcap Select,2023-05-05,32.58,3.05,0.80,99.36899999999999
Nifty Midcap Select,2023-05-08,33.02,3.09,0.78,102.0318
Nifty Midcap Select,2023-05-09,32.42,3.1,0.78,100.50200000000001
Nifty Midcap Select,2023-05-10,32.47,3.1,0.78,100.657
Nifty Midcap Select,2023-05-11,32.53,3.11,0.78,101.1683
Nifty Midcap Select,2023-05-12,32.4,3.09,0.78,100.11599999999999
Nifty Midcap Select,2023-05-15,32.64,3.12,0.78,101.83680000000001
Nifty Midcap Select,2023-05-16,31.45,3.13,0.77,98.43849999999999
Nifty Midcap Select,2023-05-17,31.44,3.14,0.77,98.72160000000001
Nifty Midcap Select,2023-05-18,31.9,3.11,0.78,99.20899999999999
Nifty Midcap Select,2023-05-19,31.99,3.11,0.78,99.48889999999999
Nifty Midcap Select,2023-05-22,32.24,3.14,0.77,101.23360000000001
Nifty Midcap Select,2023-05-23,32.69,3.17,0.76,103.62729999999999
Nifty Midcap Select,2023-05-24,32.63,3.16,0.76,103.11080000000001
Nifty Midcap Select,2023-05-25,32.91,3.19,0.77,104.98289999999999
Nifty Midcap Select,2023-05-26,33.13,3.22,0.76,106.67860000000002
Nifty Midcap Select,2023-05-29,32.61,3.23,0.76,105.3303
Nifty Midcap Select,2023-05-30,32.84,3.24,0.75,106.40160000000002
Nifty Midcap Select,2023-05-31,32.95,3.25,0.75,107.0875
Nifty Midcap Select,2023-06-01,33.01,3.25,0.75,107.2825
Nifty Midcap Select,2023-06-02,33.24,3.28,0.74,109.0272
Nifty Midcap Select,2023-06-05,33.16,3.27,0.75,108.43319999999999
Nifty Midcap Select,2023-06-06,33.18,3.27,0.72,108.4986
Nifty Midcap Select,2023-06-07,33.44,3.3,0.72,110.35199999999999
Nifty Midcap Select,2023-06-08,33.12,3.26,0.72,107.97119999999998
Nifty Midcap Select,2023-06-09,33.07,3.25,0.74,107.4775
Nifty Midcap Select,2023-06-12,33.31,3.28,0.73,109.2568
Nifty Midcap Select,2023-06-13,33.76,3.32,0.72,112.08319999999999
Nifty Midcap Select,2023-06-14,33.78,3.32,0.72,112.14959999999999
Nifty Midcap Select,2023-06-15,33.77,3.32,0.72,112.1164
Nifty Midcap Select,2023-06-16,34.08,3.35,0.81,114.16799999999999
Nifty Midcap Select,2023-06-19,34.12,3.36,0.81,114.6432
Nifty Midcap Select,2023-06-20,34.38,3.38,0.80,116.2044
Nifty Midcap Select,2023-06-21,34.53,3.4,0.80,117.402
Nifty Midcap Select,2023-06-22,34.11,3.36,0.77,114.6096
Nifty Midcap Select,2023-06-23,33.78,3.32,0.81,112.14959999999999
Nifty Midcap Select,2023-06-26,34.07,3.35,0.80,114.1345
Nifty Midcap Select,2023-06-27,34.19,3.36,0.80,114.87839999999998
Nifty Midcap Select,2023-06-28,34.43,3.39,0.79,116.71770000000001
Nifty Midcap Select,2023-06-30,34.97,3.43,0.78,119.9471
Nifty Midcap Select,2023-07-03,34.96,3.43,0.78,119.9128
Nifty Midcap Select,2023-07-04,34.88,3.42,0.78,119.28960000000001
Nifty Midcap Select,2023-07-05,35.13,3.44,0.78,120.8472
Nifty Midcap Select,2023-07-06,35.45,3.47,0.77,123.01150000000001
Nifty Midcap Select,2023-07-07,35.01,3.43,0.87,120.0843
Nifty Midcap Select,2023-07-10,34.82,3.41,0.87,118.73620000000001
Nifty Midcap Select,2023-07-11,35.12,3.44,0.88,120.8128
Nifty Midcap Select,2023-07-12,35.28,3.46,0.88,122.0688
Nifty Midcap Select,2023-07-13,35.77,3.61,0.90,129.1297
Nifty Midcap Select,2023-07-14,36.31,3.66,0.85,132.89460000000003
Nifty Midcap Select,2023-07-17,35.76,3.66,0.85,130.8816
Nifty Midcap Select,2023-07-18,35.97,3.67,0.84,132.0099
Nifty Midcap Select,2023-07-19,36.33,3.71,0.77,134.7843
Nifty Midcap Select,2023-07-20,36.34,3.71,0.78,134.8214
Nifty Midcap Select,2023-07-21,36.36,3.71,0.78,134.8956
Nifty Midcap Select,2023-07-24,36.13,3.69,0.78,133.3197
Nifty Midcap Select,2023-07-25,35.48,3.35,0.78,118.85799999999999
Nifty Midcap Select,2023-07-26,35.42,3.36,0.81,119.0112
Nifty Midcap Select,2023-07-27,35.45,3.36,0.80,119.11200000000001
Nifty Midcap Select,2023-07-28,35.05,3.37,0.81,118.1185
Nifty Midcap Select,2023-07-31,34.95,3.44,0.79,120.22800000000001
Nifty Midcap Select,2023-08-01,34.88,3.43,0.80,119.63840000000002
Nifty Midcap Select,2023-08-02,34.25,3.39,0.78,116.1075
Nifty Midcap Select,2023-08-03,34.29,3.39,0.78,116.2431
Nifty Midcap Select,2023-08-04,24.86,3.42,0.78,85.0212
Nifty Midcap Select,2023-08-07,24.62,3.42,0.78,84.2004
Nifty Midcap Select,2023-08-08,24.55,3.42,0.78,83.961
Nifty Midcap Select,2023-08-09,24.7,3.44,0.77,84.96799999999999
Nifty Midcap Select,2023-08-10,24.63,3.43,0.78,84.4809
Nifty Midcap Select,2023-08-11,24.51,3.42,0.83,83.8242
Nifty Midcap Select,2023-08-14,24.52,3.43,0.83,84.1036
Nifty Midcap Select,2023-08-16,24.36,3.43,0.83,83.5548
Nifty Midcap Select,2023-08-17,24.43,3.43,0.82,83.7949
Nifty Midcap Select,2023-08-18,24.34,3.42,0.84,83.2428
Nifty Midcap Select,2023-08-21,24.5,3.45,0.83,84.525
Nifty Midcap Select,2023-08-22,24.74,3.49,0.68,86.3426
Nifty Midcap Select,2023-08-23,24.94,3.52,0.67,87.78880000000001
Nifty Midcap Select,2023-08-24,25.01,3.48,0.67,87.0348
Nifty Midcap Select,2023-08-25,24.77,3.45,0.67,85.4565
Nifty Midcap Select,2023-08-28,24.85,3.44,0.67,85.48400000000001
Nifty Midcap Select,2023-08-29,24.97,3.41,0.67,85.1477
Nifty Midcap Select,2023-08-30,25.2,3.44,0.66,86.688
Nifty Midcap Select,2023-08-31,25.23,3.44,0.66,86.7912
Nifty Midcap Select,2023-09-01,25.34,3.46,0.66,87.6764
Nifty Midcap Select,2023-09-04,25.42,3.47,0.66,88.2074
Nifty Midcap Select,2023-09-05,25.69,3.5,0.65,89.915
Nifty Midcap Select,2023-09-06,25.74,3.51,0.65,90.3474
Nifty Midcap Select,2023-09-07,25.74,3.51,0.65,90.3474
Nifty Midcap Select,2023-09-08,25.95,3.54,0.64,91.863
Nifty Midcap Select,2023-09-11,26.12,3.56,0.64,92.9872
Nifty Midcap Select,2023-09-12,25.47,3.47,0.66,88.3809
Nifty Midcap Select,2023-09-13,25.61,3.49,0.65,89.3789
Nifty Midcap Select,2023-09-14,25.92,3.53,0.64,91.4976
Nifty Midcap Select,2023-09-15,26.07,3.56,0.64,92.8092
Nifty Midcap Select,2023-09-18,25.97,3.54,0.65,91.93379999999999
Nifty Midcap Select,2023-09-20,25.98,3.54,0.64,91.9692
Nifty Midcap Select,2023-09-21,25.77,3.51,0.64,90.4527
Nifty Midcap Select,2023-09-22,25.72,3.51,0.65,90.2772
Nifty Midcap Select,2023-09-25,26.08,3.56,0.64,92.84479999999999
Nifty Midcap Select,2023-09-26,25.97,3.54,0.64,91.93379999999999
Nifty Midcap Select,2023-09-27,26.09,3.55,0.64,92.61949999999999
Nifty Midcap Select,2023-09-28,25.59,3.49,0.65,89.3091
Nifty Midcap Select,2023-09-29,20.5,3.59,0.87,73.595
Nifty Midcap Select,2023-10-03,20.49,3.59,0.87,73.55909999999999
Nifty Midcap Select,2023-10-04,20.29,3.56,0.88,72.2324
Nifty Midcap Select,2023-10-05,20.34,3.57,0.88,72.6138
Nifty Midcap Select,2023-10-06,20.55,3.6,0.87,73.98
Nifty Midcap Select,2023-10-09,20.31,3.56,0.88,72.3036
Nifty Midcap Select,2023-10-10,20.54,3.6,0.87,73.944
Nifty Midcap Select,2023-10-11,20.59,3.61,0.87,74.3299
Nifty Midcap Select,2023-10-12,20.61,3.61,0.87,74.40209999999999
Nifty Midcap Select,2023-10-13,20.58,3.61,0.87,74.29379999999999
Nifty Midcap Select,2023-10-16,20.59,3.61,0.86,74.3299
Nifty Midcap Select,2023-10-17,20.63,3.62,0.86,74.6806
Nifty Midcap Select,2023-10-18,20.25,3.58,0.87,72.495
Nifty Midcap Select,2023-10-19,19.99,3.58,0.87,71.5642
Nifty Midcap Select,2023-10-20,19.72,3.53,0.89,69.6116
Nifty Midcap Select,2023-10-23,19.51,3.49,0.90,68.08990000000001
Nifty Midcap Select,2023-10-25,19.39,3.47,0.90,67.28330000000001
Nifty Midcap Select,2023-10-26,19.05,3.4,0.92,64.77
Nifty Midcap Select,2023-10-27,19.3,3.45,0.91,66.58500000000001
Nifty Midcap Select,2023-10-30,19.25,3.44,0.91,66.22
Nifty Midcap Select,2023-10-31,19.21,3.45,0.91,66.2745
Nifty Midcap Select,2023-11-01,19.18,3.44,0.92,65.97919999999999
Nifty Midcap Select,2023-11-02,19.41,3.48,0.92,67.5468
Nifty Midcap Select,2023-11-03,19.55,3.6,0.90,70.38000000000001
Nifty Midcap Select,2023-11-06,19.67,3.63,0.90,71.4021
Nifty Midcap Select,2023-11-07,19.58,3.64,0.90,71.2712
Nifty Midcap Select,2023-11-08,17.64,3.68,0.89,64.9152
Nifty Midcap Select,2023-11-09,17.72,3.7,0.88,65.564
Nifty Midcap Select,2023-11-10,17.86,3.73,0.87,66.6178
Nifty Midcap Select,2023-11-12,17.97,3.75,0.87,67.38749999999999
Nifty Midcap Select,2023-11-13,17.55,3.75,0.87,65.8125
Nifty Midcap Select,2023-11-15,17.66,3.79,0.86,66.9314
Nifty Midcap Select,2023-11-16,17.86,3.83,0.86,68.4038
Nifty Midcap Select,2023-11-17,17.87,3.83,0.86,68.44210000000001
Nifty Midcap Select,2023-11-20,17.88,3.83,0.87,68.4804
Nifty Midcap Select,2023-11-21,17.91,3.84,0.87,68.7744
Nifty Midcap Select,2023-11-22,17.94,3.85,0.85,69.069
Nifty Midcap Select,2023-11-23,17.96,3.85,0.85,69.146
Nifty Midcap Select,2023-11-24,17.94,3.85,0.90,69.069
Nifty Midcap Select,2023-11-28,18.04,3.87,0.89,69.8148
Nifty Midcap Select,2023-11-29,18.19,3.9,0.88,70.941
Nifty Midcap Select,2023-11-30,18.3,3.92,0.88,71.736
Nifty Midcap Select,2023-12-01,18.46,3.96,0.87,73.1016
Nifty Midcap Select,2023-12-04,18.68,4.0,0.86,74.72
Nifty Midcap Select,2023-12-05,18.75,4.02,0.86,75.37499999999999
Nifty Midcap Select,2023-12-06,18.76,4.02,0.86,75.4152
Nifty Midcap Select,2023-12-07,18.85,4.04,0.85,76.15400000000001
Nifty Midcap Select,2023-12-08,18.85,4.04,0.85,76.15400000000001
Nifty Midcap Select,2023-12-11,18.93,4.06,0.85,76.85579999999999
Nifty Midcap Select,2023-12-12,18.86,4.04,0.85,76.1944
Nifty Midcap Select,2023-12-13,19.07,4.09,0.84,77.9963
Nifty Midcap Select,2023-12-14,19.39,4.16,0.83,80.6624
Nifty Midcap Select,2023-12-15,19.48,4.18,0.83,81.4264
Nifty Midcap Select,2023-12-18,19.46,4.17,0.83,81.1482
Nifty Midcap Select,2023-12-19,19.41,4.16,0.83,80.74560000000001
Nifty Midcap Select,2023-12-20,18.93,4.06,0.85,76.85579999999999
Nifty Midcap Select,2023-12-21,19.22,4.12,0.84,79.18639999999999
Nifty Midcap Select,2023-12-22,19.37,4.15,0.83,80.38550000000001
Nifty Midcap Select,2023-12-26,19.44,4.17,0.83,81.0648
Nifty Midcap Select,2023-12-27,19.46,4.17,0.83,81.1482
Nifty Midcap Select,2023-12-28,19.61,4.21,0.82,82.5581
Nifty Midcap Select,2023-12-29,19.84,4.25,0.81,84.32
Nifty Midcap Select,2024-01-01,19.87,4.25,0.81,84.4475
Nifty Midcap Select,2024-01-02,19.76,4.23,0.81,83.58480000000002
Nifty Midcap Select,2024-01-03,19.8,4.24,0.81,83.95200000000001
Nifty Midcap Select,2024-01-04,20.13,4.31,0.80,86.76029999999999
Nifty Midcap Select,2024-01-05,20.15,4.31,0.80,86.84649999999999
Nifty Midcap Select,2024-01-08,19.92,4.26,0.81,84.8592
Nifty Midcap Select,2024-01-09,19.88,4.26,0.81,84.68879999999999
Nifty Midcap Select,2024-01-10,19.9,4.26,0.81,84.77399999999999
Nifty Midcap Select,2024-01-11,19.95,4.27,0.81,85.1865
Nifty Midcap Select,2024-01-12,20.11,4.3,0.80,86.473
Nifty Midcap Select,2024-01-15,20.28,4.35,0.79,88.218
Nifty Midcap Select,2024-01-16,20.12,4.31,0.80,86.71719999999999
Nifty Midcap Select,2024-01-17,19.87,4.26,0.81,84.6462
Nifty Midcap Select,2024-01-18,19.8,4.27,0.81,84.54599999999999
Nifty Midcap Select,2024-01-19,20.09,4.33,0.79,86.9897
Nifty Midcap Select,2024-01-20,20.12,4.34,0.79,87.3208
Nifty Midcap Select,2024-01-23,19.61,4.23,0.81,82.95030000000001
Nifty Midcap Select,2024-01-24,19.96,4.32,0.80,86.22720000000001
Nifty Midcap Select,2024-01-25,19.67,4.25,0.79,83.59750000000001
Nifty Midcap Select,2024-01-29,20.11,4.36,0.77,87.67960000000001
Nifty Midcap Select,2024-01-30,19.91,4.33,0.80,86.2103
Nifty Midcap Select,2024-01-31,20.1,4.37,0.79,87.837
Nifty Midcap Select,2024-02-01,19.93,4.34,0.80,86.4962
Nifty Midcap Select,2024-02-02,20.12,4.38,0.79,88.1256
Nifty Midcap Select,2024-02-05,20.11,4.39,0.79,88.2829
Nifty Midcap Select,2024-02-06,20.23,4.41,0.77,89.21430000000001
Nifty Midcap Select,2024-02-07,20.23,4.43,0.91,89.6189
Nifty Midcap Select,2024-02-08,20.21,4.42,0.91,89.3282
Nifty Midcap Select,2024-02-09,20.01,4.38,0.92,87.6438
Nifty Midcap Select,2024-02-12,19.61,4.35,0.93,85.30349999999999
Nifty Midcap Select,2024-02-13,19.32,4.36,0.93,84.2352
Nifty Midcap Select,2024-02-14,19.42,4.39,0.92,85.2538
Nifty Midcap Select,2024-02-15,19.67,4.45,0.91,87.53150000000001
Nifty Midcap Select,2024-02-16,19.89,4.49,0.91,89.3061
Nifty Midcap Select,2024-02-19,19.89,4.49,0.89,89.3061
Nifty Midcap Select,2024-02-20,19.82,4.48,0.96,88.79360000000001
Nifty Midcap Select,2024-02-21,19.6,4.43,0.99,86.828
Nifty Midcap Select,2024-02-22,19.81,4.48,0.97,88.7488
Nifty Midcap Select,2024-02-23,19.97,4.51,0.98,90.06469999999999
Nifty Midcap Select,2024-02-26,19.86,4.49,0.93,89.1714
Nifty Midcap Select,2024-02-27,19.86,4.49,0.93,89.1714
Nifty Midcap Select,2024-02-28,19.4,4.38,0.95,84.972
Nifty Midcap Select,2024-02-29,19.54,4.42,0.94,86.3668
Nifty Midcap Select,2024-03-01,19.69,4.45,0.94,87.6205
Nifty Midcap Select,2024-03-02,19.79,4.47,0.93,88.4613
Nifty Midcap Select,2024-03-04,19.84,4.48,0.93,88.8832
Nifty Midcap Select,2024-03-05,19.69,4.45,0.93,87.6205
Nifty Midcap Select,2024-03-06,19.64,4.44,0.94,87.20160000000001
Nifty Midcap Select,2024-03-07,19.65,4.44,0.94,87.246
Nifty Midcap Select,2024-03-11,19.58,4.43,0.94,86.73939999999999
Nifty Midcap Select,2024-03-12,19.34,4.37,0.95,84.5158
Nifty Midcap Select,2024-03-13,18.73,4.23,0.98,79.2279
Nifty Midcap Select,2024-03-14,18.98,4.29,0.97,81.4242
Nifty Midcap Select,2024-03-15,18.92,4.28,0.97,80.97760000000001
Nifty Midcap Select,2024-03-18,18.62,4.21,0.99,78.39020000000001
Nifty Midcap Select,2024-03-19,18.32,4.14,1.00,75.84479999999999
Nifty Midcap Select,2024-03-20,18.31,4.14,1.01,75.80339999999998
Nifty Midcap Select,2024-03-21,18.81,4.25,0.98,79.9425
Nifty Midcap Select,2024-03-22,18.77,4.24,1.04,79.5848
Nifty Midcap Select,2024-03-26,18.95,4.28,1.03,81.10600000000001
Nifty Midcap Select,2024-03-27,18.94,4.28,1.03,81.06320000000001
Nifty Midcap Select,2024-03-28,33.96,5.2,0.77,176.592
Nifty Midcap Select,2024-04-01,34.49,5.28,0.76,182.1072
Nifty Midcap Select,2024-04-02,34.78,5.32,0.75,185.02960000000002
Nifty Midcap Select,2024-04-03,34.86,5.34,0.85,186.1524
Nifty Midcap Select,2024-04-04,34.88,5.34,0.85,186.25920000000002
Nifty Midcap Select,2024-04-05,35.02,5.36,0.84,187.70720000000003
Nifty Midcap Select,2024-04-08,35.03,5.36,0.84,187.76080000000002
Nifty Midcap Select,2024-04-09,35.05,5.37,0.84,188.21849999999998
Nifty Midcap Select,2024-04-10,35.39,5.42,0.83,191.81380000000001
Nifty Midcap Select,2024-04-12,35.26,5.37,.84,189.34619999999998
Nifty Midcap Select,2024-04-15,34.82,5.3,.85,184.546
Nifty Midcap Select,2024-04-16,34.68,5.28,.85,183.1104
Nifty Midcap Select,2024-04-18,34.64,5.27,.85,182.5528
Nifty Midcap Select,2024-04-19,34.39,5.24,.86,180.20360000000002
Nifty Midcap Select,2024-04-22,34.5,5.25,.86,181.125
Nifty Midcap Select,2024-04-23,34.63,5.29,.85,183.1927
Nifty Midcap Select,2024-04-24,34.81,5.32,.85,185.18920000000003
Nifty Midcap Select,2024-04-25,34.88,5.34,.84,186.25920000000002
Nifty Midcap Select,2024-04-26,35.14,5.39,.84,189.4046
Nifty Midcap Select,2024-04-29,35.35,5.42,.83,191.597
Nifty Midcap Select,2024-04-30,35.5,5.43,.83,192.765
Nifty Midcap Select,2024-05-02,35.73,5.46,.82,195.08579999999998
Nifty Midcap Select,2024-05-03,35.67,5.46,.82,194.75820000000002
Nifty Midcap Select,2024-05-06,35.37,5.45,.82,192.76649999999998
Nifty Midcap Select,2024-05-07,34.67,5.35,.84,185.4845
Nifty Midcap Select,2024-05-08,34.93,5.39,.83,188.2727
Nifty Midcap Select,2024-05-09,34.41,5.31,.85,182.71709999999996
Nifty Midcap Select,2024-05-10,34.72,5.37,.82,186.4464
Nifty Midcap Select,2024-05-13,36.1,5.48,.81,197.82800000000003
Nifty Midcap Select,2024-05-14,36.15,5.5,.8,198.825
Nifty Midcap Select,2024-05-15,37.64,5.51,.82,207.3964
Nifty Midcap Select,2024-05-16,38.01,5.57,.81,211.7157
Nifty Midcap Select,2024-05-17,38.09,5.58,.81,212.5422
Nifty Midcap Select,2024-05-18,38.21,5.6,.8,213.976
Nifty Midcap Select,2024-05-21,38.56,5.6,.8,215.936
Nifty Midcap Select,2024-05-22,38.64,5.61,.8,216.77040000000002
Nifty Midcap Select,2024-05-23,38.85,5.64,.8,219.114
Nifty Midcap Select,2024-05-24,38.7,5.66,.8,219.04200000000003
Nifty Midcap Select,2024-05-27,39.39,5.76,.78,226.8864
Nifty Midcap Select,2024-05-28,38.6,5.72,.79,220.792
Nifty Midcap Select,2024-05-29,38.41,5.69,.79,218.5529
Nifty Midcap Select,2024-05-30,37.79,5.6,.8,211.624
Nifty Midcap Select,2024-05-31,50.09,6.24,.79,312.56160000000006
Nifty Midcap Select,2024-06-03,51.4,6.44,.76,331.016
Nifty Midcap Select,2024-06-04,47.53,5.96,.83,283.2788
Nifty Midcap Select,2024-06-05,50.23,6.29,.78,315.94669999999996
Nifty Midcap Select,2024-06-06,50.82,6.37,.77,323.7234
Nifty Midcap Select,2024-06-07,51.55,6.46,.78,333.013
Nifty Midcap Select,2024-06-10,51.05,6.42,.7,327.741
Nifty Midcap Select,2024-06-11,51.39,6.47,.7,332.4933
Nifty Midcap Select,2024-06-12,51.93,6.53,.69,339.10290000000003
Nifty Midcap Select,2024-06-13,52.17,6.53,.69,340.67010000000005
Nifty Midcap Select,2024-06-14,52.63,6.58,.68,346.3054
Nifty Midcap Select,2024-06-18,52.9,6.62,.76,350.198
Nifty Midcap Select,2024-06-19,52.42,6.56,.77,343.8752
Nifty Midcap Select,2024-06-20,53.01,6.63,.76,351.4563
Nifty Midcap Select,2024-06-21,53.12,6.64,.75,352.7168
Nifty Midcap Select,2024-06-24,53.6,6.7,.74,359.12
Nifty Midcap Select,2024-06-25,53.63,6.71,.75,359.8573
Nifty Midcap Select,2024-06-26,53.5,6.69,.76,357.915
Nifty Midcap Select,2024-06-27,53.52,6.69,.76,358.0488
Nifty Midcap Select,2024-06-28,53.21,6.68,.75,355.4428
Nifty Midcap Select,2024-07-01,53.32,6.7,.75,357.244
Nifty Midcap Select,2024-07-02,53.06,6.66,.75,353.37960000000004
Nifty Midcap Select,2024-07-03,53.42,6.71,.75,358.4482
Nifty Midcap Select,2024-07-04,54.01,6.78,.74,366.1878
Nifty Midcap Select,2024-07-05,54.38,6.83,.71,371.41540000000003
Nifty Midcap Select,2024-07-08,53.74,6.75,.66,362.745
Nifty Midcap Select,2024-07-09,53.91,6.77,.68,364.97069999999997
Nifty Midcap Select,2024-07-10,53.8,6.76,.74,363.688
Nifty Midcap Select,2024-07-11,53.94,6.77,.72,365.17379999999997
Nifty Midcap Select,2024-07-12,54.09,6.79,.73,367.27110000000005
Nifty Midcap Select,2024-07-15,54.37,6.81,.71,370.25969999999995
Nifty Midcap Select,2024-07-16,54.46,6.82,.73,371.41720000000004
Nifty Midcap Select,2024-07-18,53.95,6.78,.73,365.781
Nifty Midcap Select,2024-07-19,52.75,6.63,.78,349.7325
Nifty Midcap Select,2024-07-22,53.52,6.72,.76,359.6544
Nifty Midcap Select,2024-07-23,53.31,6.6,.76,351.846
Nifty Midcap Select,2024-07-24,53.67,6.64,.76,356.3688
Nifty Midcap Select,2024-07-25,53.61,6.62,.77,354.8982
Nifty Midcap Select,2024-07-26,54.28,6.76,.73,366.9328
Nifty Midcap Select,2024-07-29,54.57,6.83,.72,372.7131
Nifty Midcap Select,2024-07-30,65.9,6.86,.72,452.07400000000007
Nifty Midcap Select,2024-07-31,66.02,6.88,.71,454.21759999999995
Nifty Midcap Select,2024-08-01,65.58,6.83,.72,447.9114
Nifty Midcap Select,2024-08-02,63.69,6.71,.74,427.3599
Nifty Midcap Select,2024-08-05,62.02,6.53,.69,404.99060000000003
Nifty Midcap Select,2024-08-06,63.68,6.51,.69,414.5568
Nifty Midcap Select,2024-08-07,65.33,6.68,.68,436.40439999999995
Nifty Midcap Select,2024-08-08,64.7,6.65,.68,430.25500000000005
Nifty Midcap Select,2024-08-09,64.14,6.68,.79,428.4552
Nifty Midcap Select,2024-08-12,64.51,6.71,.76,432.86210000000005
Nifty Midcap Select,2024-08-13,63.22,6.67,.77,421.6774
Nifty Midcap Select,2024-08-14,62.37,6.64,.77,414.13679999999994
Nifty Midcap Select,2024-08-16,61.52,6.75,.79,415.26000000000005
Nifty Midcap Select,2024-08-19,61.54,6.75,.78,415.395
Nifty Midcap Select,2024-08-20,62.21,6.83,.78,424.8943
Nifty Midcap Select,2024-08-21,62.55,6.86,.77,429.093
Nifty Midcap Select,2024-08-22,63.17,6.93,.77,437.7681
Nifty Midcap Select,2024-08-23,62.66,6.88,.8,431.1008
Nifty Midcap Select,2024-08-26,63.13,6.93,.8,437.4909
Nifty Midcap Select,2024-08-27,63.24,6.94,.79,438.8856
Nifty Midcap Select,2024-08-28,63.26,6.94,.79,439.0244
Nifty Midcap Select,2024-08-29,63.22,6.94,.8,438.7468
Nifty Midcap Select,2024-08-30,63.63,6.98,.79,444.13740000000007
Nifty Midcap Select,2024-09-02,63.58,6.98,.79,443.7884
Nifty Midcap Select,2024-09-03,63.87,7.01,.79,447.72869999999995
Nifty Midcap Select,2024-09-04,63.9,7.01,.79,447.93899999999996
Nifty Midcap Select,2024-09-05,64.19,7.04,.78,451.8976
Nifty Midcap Select,2024-09-06,63.17,6.93,.8,437.7681
Nifty Midcap Select,2024-09-09,62.88,6.9,.8,433.872
Nifty Midcap Select,2024-09-10,63.74,7.0,.79,446.18
Nifty Midcap Select,2024-09-11,63.41,6.96,.79,441.3336
Nifty Midcap Select,2024-09-12,64.18,7.04,.78,451.82720000000006
Nifty Midcap Select,2024-09-13,64.52,7.08,.78,456.80159999999995
Nifty Midcap Select,2024-09-16,64.18,7.04,.78,451.82720000000006
Nifty Midcap Select,2024-09-17,64.22,6.85,.79,439.907
Nifty Midcap Select,2024-09-18,63.49,6.77,.79,429.8273
Nifty Midcap Select,2024-09-19,63.27,6.75,.8,427.07250000000005
Nifty Midcap Select,2024-09-20,63.39,6.4,.79,405.696
Nifty Midcap Select,2024-09-23,63.82,6.41,.79,409.0862
Nifty Midcap Select,2024-09-24,64.22,6.45,.78,414.219
Nifty Midcap Select,2024-09-25,64.1,6.44,.79,412.804
Nifty Midcap Select,2024-09-26,64.1,6.44,.79,412.804
Nifty Midcap Select,2024-09-27,64.44,6.47,.78,416.92679999999996
Nifty Midcap Select,2024-09-30,67.02,6.54,.79,438.3108
Nifty Midcap Select,2024-10-01,67.39,6.58,.79,443.4262
Nifty Midcap Select,2024-10-03,65.77,6.42,.81,422.24339999999995
Nifty Midcap Select,2024-10-04,64.94,6.34,.82,411.71959999999996
Nifty Midcap Select,2024-10-07,64.14,6.26,.83,401.5164
Nifty Midcap Select,2024-10-08,65.25,6.37,.82,415.6425
Nifty Midcap Select,2024-10-09,65.76,6.42,.81,422.17920000000004
Nifty Midcap Select,2024-10-10,62.8,6.09,.8,382.452
Nifty Midcap Select,2024-10-11,63.1,6.12,.81,386.172
Nifty Midcap Select,2024-10-14,63.67,6.18,.8,393.4806
Nifty Midcap Select,2024-10-15,63.94,6.2,.8,396.428
Nifty Midcap Select,2024-10-16,63.95,6.2,.8,396.49
Nifty Midcap Select,2024-10-17,62.88,6.13,.81,385.4544
Nifty Midcap Select,2024-10-18,63.09,6.15,.81,388.00350000000003
Nifty Midcap Select,2024-10-21,61.35,5.99,.83,367.48650000000004
Nifty Midcap Select,2024-10-22,60.13,5.87,.84,352.9631
Nifty Midcap Select,2024-10-23,60.62,5.92,.84,358.87039999999996
Nifty Midcap Select,2024-10-24,60.59,5.93,.84,359.2987
Nifty Midcap Select,2024-10-25,45.7,6.56,.83,299.792
Nifty Midcap Select,2024-10-28,45.54,6.6,.82,300.56399999999996
Nifty Midcap Select,2024-10-29,53.49,6.67,.81,356.7783
Nifty Midcap Select,2024-10-30,53.17,6.63,.82,352.5171
Nifty Midcap Select,2024-10-31,52.41,6.57,.82,344.33369999999996
Nifty Midcap Select,2024-11-01,52.66,6.6,.82,347.556
Nifty Midcap Select,2024-11-04,52.05,6.55,.85,340.92749999999995
Nifty Midcap Select,2024-11-05,52.35,6.59,.84,344.9865
Nifty Midcap Select,2024-11-06,53.55,6.74,.8,360.92699999999996
Nifty Midcap Select,2024-11-07,53.29,6.7,.8,357.043
Nifty Midcap Select,2024-11-08,52.98,6.67,.8,353.3766
Nifty Midcap Select,2024-11-11,51.51,6.65,.81,342.5415
Nifty Midcap Select,2024-11-12,50.73,6.57,.82,333.29609999999997
Nifty Midcap Select,2024-11-13,49.66,6.43,.83,319.31379999999996
Nifty Midcap Select,2024-11-14,49.7,6.44,.84,320.06800000000004
Nifty Midcap Select,2024-11-18,49.66,6.44,.83,319.8104
Nifty Midcap Select,2024-11-19,48.59,6.48,.86,314.86320000000006
Nifty Midcap Select,2024-11-21,48.57,6.48,.85,314.7336
Nifty Midcap Select,2024-11-22,49.13,6.55,.84,321.80150000000003
Nifty Midcap Select,2024-11-25,50.21,6.7,.82,336.40700000000004
Nifty Midcap Select,2024-11-26,50.18,6.69,.82,335.7042
Nifty Midcap Select,2024-11-27,50.38,6.67,.82,336.0346
Nifty Midcap Select,2024-11-28,50.12,6.63,.82,332.2956
Nifty Midcap Select,2024-11-29,50.38,6.67,.82,336.0346
Nifty Midcap Select,2024-12-02,50.81,6.73,.81,341.95130000000006
Nifty Midcap Select,2024-12-03,51.15,6.77,.81,346.28549999999996
Nifty Midcap Select,2024-12-04,51.61,6.83,.8,352.4963
Nifty Midcap Select,2024-12-05,51.64,6.84,.8,353.2176
Nifty Midcap Select,2024-12-06,51.74,6.85,.8,354.419
Nifty Midcap Select,2024-12-09,51.86,6.86,.8,355.75960000000003
Nifty Midcap Select,2024-12-10,52.24,6.92,.79,361.5008
Nifty Midcap Select,2024-12-11,52.43,6.94,.79,363.86420000000004
Nifty Midcap Select,2024-12-12,52.19,6.91,.79,360.6329
Nifty Midcap Select,2024-12-13,52.44,6.94,.79,363.9336
Nifty Midcap Select,2024-12-16,52.73,6.98,.78,368.0554
Nifty Midcap Select,2024-12-17,52.26,6.92,.79,361.63919999999996
Nifty Midcap Select,2024-12-18,52.03,6.89,.79,358.4867
Nifty Midcap Select,2024-12-19,52.01,6.89,.79,358.34889999999996
Nifty Midcap Select,2024-12-20,50.64,6.7,.81,339.288
Nifty Midcap Select,2024-12-23,50.93,6.74,.81,343.26820000000004
Nifty Midcap Select,2024-12-24,50.93,6.74,.81,343.26820000000004
Nifty Midcap Select,2024-12-26,51.07,6.76,.81,345.2332
Nifty Midcap Select,2024-12-27,50.98,6.75,.81,344.11499999999995
Nifty Midcap Select,2024-12-30,51.85,6.86,.8,355.69100000000003
Nifty Midcap Select,2024-12-31,54.73,7.11,.79,389.1303
Nifty Midcap Select,2025-01-01,54.84,7.12,.79,390.4608
Nifty Midcap Select,2025-01-02,55.52,7.21,.78,400.29920000000004
Nifty Midcap Select,2025-01-03,55.16,7.16,.78,394.94559999999996
Nifty Midcap Select,2025-01-06,53.83,6.99,.8,376.2717
Nifty Midcap Select,2025-01-07,54.01,7.02,.8,379.1502
Nifty Midcap Select,2025-01-08,53.26,6.92,.81,368.5592
Nifty Midcap Select,2025-01-09,52.92,6.87,.82,363.5604
Nifty Midcap Select,2025-01-10,52.08,6.76,.83,352.0608
Nifty Midcap Select,2025-01-13,50.09,6.51,.86,326.08590000000004
Nifty Midcap Select,2025-01-14,51.0,6.62,.85,337.62
Nifty Midcap Select,2025-01-15,51.43,6.68,.84,343.5524
Nifty Midcap Select,2025-01-16,51.61,6.73,.84,347.3353
Nifty Midcap Select,2025-01-17,51.74,6.75,.83,349.245
Nifty Midcap Select,2025-01-20,52.19,6.8,.83,354.892
Nifty Midcap Select,2025-01-21,50.49,6.62,.85,334.2438
Nifty Midcap Select,2025-01-22,49.89,6.56,.86,327.2784
Nifty Midcap Select,2025-01-23,50.98,6.71,.84,342.07579999999996
Nifty Midcap Select,2025-01-24,50.41,6.66,.84,335.7306
Nifty Midcap Select,2025-01-27,44.25,6.46,.87,285.855
Nifty Midcap Select,2025-01-28,43.72,6.41,.88,280.2452
Nifty Midcap Select,2025-01-29,44.82,6.54,.86,293.1228
Nifty Midcap Select,2025-01-30,44.53,6.5,.86,289.445
Nifty Midcap Select,2025-01-31,44.8,6.57,.87,294.336
Nifty Midcap Select,2025-02-01,44.52,6.53,.88,290.71560000000005
Nifty Midcap Select,2025-02-03,44.36,6.51,.88,288.7836
Nifty Midcap Select,2025-02-04,45.07,6.61,.87,297.91270000000003
Nifty Midcap Select,2025-02-05,45.37,6.66,.86,302.1642
Nifty Midcap Select,2025-02-06,44.83,6.59,.88,295.42969999999997
Nifty Midcap Select,2025-02-07,44.91,6.61,.76,296.8551
Nifty Midcap Select,2025-02-10,44.45,6.49,.77,288.4805
Nifty Midcap Select,2025-02-11,43.25,6.32,.79,273.34000000000003
Nifty Midcap Select,2025-02-12,42.96,6.28,.8,269.78880000000004
Nifty Midcap Select,2025-02-13,42.55,6.26,.8,266.363
Nifty Midcap Select,2025-02-14,41.14,6.11,.85,251.36540000000002
Nifty Midcap Select,2025-02-17,41.45,6.15,.85,254.91750000000002
Nifty Midcap Select,2025-02-18,41.32,6.13,.86,253.2916
Nifty Midcap Select,2025-02-19,42.46,6.21,.85,263.6766
Nifty Midcap Select,2025-02-20,42.91,6.27,.83,269.04569999999995
Nifty Midcap Select,2025-02-21,42.19,6.17,.81,260.3123
Nifty Midcap Select,2025-02-24,41.92,6.13,.81,256.9696
Nifty Midcap Select,2025-02-25,41.65,6.09,.82,253.64849999999998
Nifty Midcap Select,2025-02-27,41.28,6.03,.83,248.91840000000002
Nifty Midcap Select,2025-02-28,40.57,5.93,.84,240.5801
Nifty Midcap Select,2025-03-03,40.93,5.98,.83,244.7614
Nifty Midcap Select,2025-03-04,40.81,5.97,.84,243.6357
Nifty Midcap Select,2025-03-05,42.07,6.15,.81,258.7305
Nifty Midcap Select,2025-03-06,42.16,6.16,.81,259.7056
Nifty Midcap Select,2025-03-07,41.88,6.12,.81,256.3056
Nifty Midcap Select,2025-03-10,41.27,6.03,.83,248.85810000000004
Nifty Midcap Select,2025-03-11,41.45,6.06,.82,251.187
Nifty Midcap Select,2025-03-12,41.11,6.01,.83,247.0711
Nifty Midcap Select,2025-03-13,40.78,5.96,.84,243.0488
Nifty Midcap Select,2025-03-17,41.04,6.0,.83,246.24
Nifty Midcap Select,2025-03-18,41.98,6.14,.81,257.75719999999995
Nifty Midcap Select,2025-03-19,42.76,6.25,.8,267.25
Nifty Midcap Select,2025-03-20,42.81,6.26,.8,267.99060000000003
Nifty Midcap Select,2025-03-21,43.35,6.34,.79,274.839
Nifty Midcap Select,2025-03-24,44.07,6.44,.77,283.81080000000003
Nifty Midcap Select,2025-03-25,43.63,6.38,.78,278.3594
Nifty Midcap Select,2025-03-26,43.33,6.33,.79,274.27889999999996
Nifty Midcap Select,2025-03-27,43.38,6.34,.79,275.0292
Nifty Midcap Select,2025-03-28,62.5,8.5,.74,531.25
Nifty Midcap Select,2025-04-01,61.62,8.38,.75,516.3756000000001
Nifty Midcap Select,2025-04-02,62.83,8.55,.74,537.1965
Nifty Midcap Select,2025-04-03,62.33,8.48,.67,528.5584
Nifty Midcap Select,2025-04-04,60.53,8.24,.69,498.7672
Nifty Midcap Select,2025-04-07,58.3,7.93,.72,462.31899999999996
Nifty Midcap Select,2025-04-08,59.77,8.13,.7,485.9301000000001
Nifty Midcap Select,2025-04-09,59.66,8.12,.7,484.4391999999999
Nifty Midcap Select,2025-04-11,60.77,8.27,.69,502.5679
Nifty Midcap Select,2025-04-15,62.47,8.5,.67,530.995
Nifty Midcap Select,2025-04-16,62.61,8.52,.67,533.4372
Nifty Midcap Select,2025-04-17,63.16,8.59,.67,542.5444
Nifty Midcap Select,2025-04-21,64.7,8.8,.65,569.3600000000001
Nifty Midcap Select,2025-04-22,65.48,8.91,.64,583.4268000000001
Nifty Midcap Select,2025-04-23,65.52,9.03,.63,591.6456
Nifty Midcap Select,2025-04-24,65.4,9.02,.63,589.908
Nifty Midcap Select,2025-04-25,63.95,8.82,.65,564.039
Nifty Midcap Select,2025-04-28,64.95,8.99,.64,583.9005000000001
Nifty Midcap Select,2025-04-29,64.83,8.98,.64,582.1734
Nifty Midcap Select,2025-04-30,54.19,8.12,.64,440.02279999999996
Nifty Midcap Select,2025-05-02,53.66,8.06,.65,432.4996
Nifty Midcap Select,2025-05-05,54.95,8.23,.63,452.23850000000004
Nifty Midcap Select,2025-05-06,53.91,8.06,.65,434.5146
Nifty Midcap Select,2025-05-07,54.74,8.22,.58,449.9628000000001
Nifty Midcap Select,2025-05-08,52.62,8.06,.65,424.1172
Nifty Midcap Select,2025-05-09,52.79,8.08,.66,426.5432
Nifty Midcap Select,2025-05-12,55.06,8.43,.64,464.1558
Nifty Midcap Select,2025-05-13,55.14,8.45,.63,465.933
Nifty Midcap Select,2025-05-14,55.35,8.51,.66,471.0285
Nifty Midcap Select,2025-05-15,55.72,8.56,.64,476.96320000000003
Nifty Midcap Select,2025-05-16,56.03,8.61,.64,482.4183
Nifty Midcap Select,2025-05-19,55.81,8.58,.64,478.8498
Nifty Midcap Select,2025-05-20,54.19,8.46,.65,458.4474
Nifty Midcap Select,2025-05-21,54.36,8.48,.65,460.9728
Nifty Midcap Select,2025-05-22,53.1,8.38,.67,444.97800000000007
Nifty Midcap Select,2025-05-23,53.5,8.46,.66,452.61000000000007
Nifty Midcap Select,2025-05-26,53.76,8.51,.66,457.4976
Nifty Midcap Select,2025-05-27,53.21,8.48,.66,451.22080000000005
Nifty Midcap Select,2025-05-28,53.12,8.47,.7,449.9264
Nifty Midcap Select,2025-05-29,53.58,8.54,.69,457.57319999999993
Nifty Midcap Select,2025-05-30,53.62,8.55,.69,458.451
Nifty Midcap Select,2025-06-02,53.87,8.58,.69,462.20459999999997
Nifty Midcap Select,2025-06-03,52.0,8.53,.69,443.55999999999995
Nifty Midcap Select,2025-06-04,52.55,8.62,.68,452.98099999999994
Nifty Midcap Select,2025-06-05,53.08,8.71,.68,462.32680000000005
Nifty Midcap Select,2025-06-06,53.83,8.83,.75,475.3189
Nifty Midcap Select,2025-06-09,54.47,8.9,.74,484.783
Nifty Midcap Select,2025-06-10,54.51,8.91,.74,485.6841
Nifty Midcap Select,2025-06-11,54.21,8.86,.74,480.3006
Nifty Midcap Select,2025-06-12,53.38,8.72,.75,465.47360000000003
Nifty Midcap Select,2025-06-13,53.2,8.69,.76,462.308
Nifty Midcap Select,2025-06-16,53.67,8.69,.73,466.3923
Nifty Midcap Select,2025-06-17,53.4,8.65,.74,461.91
Nifty Midcap Select,2025-06-18,53.0,8.59,.68,455.27
Nifty Midcap Select,2025-06-19,52.12,8.44,.69,439.89279999999997
Nifty Midcap Select,2025-06-20,53.17,8.61,.69,457.7937
Nifty Midcap Select,2025-06-23,53.37,8.64,.69,461.1168
Nifty Midcap Select,2025-06-24,53.84,8.72,.7,469.48480000000006
Nifty Midcap Select,2025-06-25,54.14,8.77,.68,474.8078
Nifty Midcap Select,2025-06-26,54.48,8.83,.68,481.05839999999995
Nifty Midcap Select,2025-06-27,54.63,8.85,.68,483.4755
Nifty Midcap Select,2025-06-30,55.05,8.92,.67,491.046
Nifty Midcap Select,2025-07-01,54.98,8.91,.67,489.8718
Nifty Midcap Select,2025-07-02,55.08,8.86,.67,488.00879999999995
Nifty Midcap Select,2025-07-03,55.17,8.87,.67,489.3579
Nifty Midcap Select,2025-07-04,54.98,8.84,.7,486.0232
Nifty Midcap Select,2025-07-07,54.91,8.8,.68,483.208
Nifty Midcap Select,2025-07-08,54.64,8.76,.68,478.64639999999997
Nifty Midcap Select,2025-07-09,54.44,8.69,.72,473.08359999999993
Nifty Midcap Select,2025-07-10,54.11,8.64,.67,467.5104
Nifty Midcap Select,2025-07-11,53.35,8.25,.68,440.1375
Nifty Midcap Select,2025-07-14,53.94,8.33,.69,449.3202
Nifty Midcap Select,2025-07-15,54.64,8.44,.68,461.16159999999996
Nifty Midcap Select,2025-07-16,54.57,8.43,.66,460.0251
Nifty Midcap Select,2025-07-17,54.33,8.39,.67,455.8287
Nifty Midcap Select,2025-07-18,53.94,8.33,.71,449.3202
Nifty Midcap Select,2025-07-21,54.13,8.41,.68,455.23330000000004
Nifty Midcap Select,2025-07-22,53.75,8.32,.68,447.2
Nifty Midcap Select,2025-07-23,54.03,8.3,.68,448.44900000000007
Nifty Midcap Select,2025-07-24,52.74,8.19,.69,431.9406
Nifty Midcap Select,2025-07-25,51.58,8.08,.73,416.7664
Nifty Midcap Select,2025-07-28,51.47,7.95,.73,409.1865
Nifty Midcap Select,2025-07-29,51.61,8.03,.72,414.4283
Nifty Midcap Select,2025-07-30,51.52,8.02,.73,413.1904
Nifty Midcap Select,2025-07-31,50.95,7.87,.74,400.97650000000004
Nifty Midcap Select,2025-08-01,50.16,7.66,.79,384.2256
Nifty Midcap Select,2025-08-04,51.15,7.78,.77,397.947
Nifty Midcap Select,2025-08-05,50.62,7.54,.78,381.6748
Nifty Midcap Select,2025-08-06,50.19,7.37,.78,369.9003
Nifty Midcap Select,2025-08-07,50.04,7.42,.78,371.29679999999996
Nifty Midcap Select,2025-08-08,49.24,7.29,.8,358.9596
Nifty Midcap Select,2025-08-11,45.7,7.35,.7,335.895
Nifty Midcap Select,2025-08-12,45.78,7.32,.7,335.1096
Nifty Midcap Select,2025-08-13,46.28,7.0,.69,323.96000000000004
Nifty Midcap Select,2025-08-14,46.02,6.96,.79,320.29920000000004
Nifty Midcap Select,2025-08-18,46.54,7.05,.78,328.10699999999997
Nifty Midcap Select,2025-08-19,46.88,7.1,.77,332.848
Nifty Midcap Select,2025-08-20,47.21,7.03,.76,331.8863
Nifty Midcap Select,2025-08-21,46.92,6.99,.77,327.9708
Nifty Midcap Select,2025-08-22,46.98,7.0,.77,328.85999999999996
Nifty Midcap Select,2025-08-25,47.04,7.01,.76,329.75039999999996
Nifty Midcap Select,2025-08-26,46.02,6.8,.77,312.93600000000004
Nifty Midcap Select,2025-08-28,45.52,6.72,.78,305.8944
Nifty Midcap Select,2025-08-29,45.21,6.68,.79,302.0028
Nifty Midcap Select,2025-09-01,46.18,6.82,.77,314.9476
Nifty Midcap Select,2025-09-02,46.15,6.82,.77,314.743
Nifty Midcap Select,2025-09-03,46.39,6.66,.77,308.9574
Nifty Midcap Select,2025-09-04,46.26,6.65,.77,307.629
Nifty Midcap Select,2025-09-05,46.4,6.67,.77,309.488
Nifty Midcap Select,2025-09-08,46.63,6.7,.76,312.42100000000005
Nifty Midcap Select,2025-09-09,46.79,6.72,.76,314.42879999999997
Nifty Midcap Select,2025-09-10,47.36,6.8,.75,322.048
Nifty Midcap Select,2025-09-11,47.35,6.8,.75,321.98
Nifty Midcap Select,2025-09-12,47.51,6.82,.75,324.0182
Nifty Midcap Select,2025-09-15,47.58,6.79,.75,323.0682
Nifty Midcap Select,2025-09-16,47.74,6.79,.75,324.1546
Nifty Midcap Select,2025-09-17,47.76,6.8,.75,324.768
Nifty Midcap Select,2025-09-18,48.06,6.84,.74,328.73040000000003
Nifty Midcap Select,2025-09-19,48.08,6.84,.74,328.86719999999997
Nifty Midcap Select,2025-09-22,47.55,6.76,.75,321.438
Nifty Midcap Select,2025-09-23,47.48,6.75,.75,320.48999999999995
Nifty Midcap Select,2025-09-24,46.86,6.67,.76,312.5562
Nifty Midcap Select,2025-09-25,46.56,6.62,.77,308.22720000000004
Nifty Midcap Select,2025-09-26,45.62,6.49,.78,296.0738
Nifty Midcap Select,2025-09-29,45.8,6.52,.78,298.616
Nifty Midcap Select,2025-09-30,28.62,4.11,.84,117.6282
Nifty Midcap Select,2025-10-01,28.84,4.14,.83,119.3976
Nifty Midcap Select,2025-10-03,29.06,4.17,.82,121.1802
Nifty Midcap Select,2025-10-06,29.4,4.22,.82,124.06799999999998
Nifty Midcap Select,2025-10-07,29.56,4.25,.81,125.63
Nifty Midcap Select,2025-10-08,29.33,4.21,.82,123.4793
Nifty Midcap Select,2025-10-09,29.61,4.25,.81,125.8425
Nifty Midcap Select,2025-10-10,29.87,4.29,.8,128.1423
Nifty Midcap Select,2025-10-13,29.95,4.3,.79,128.785
Nifty Midcap Select,2025-10-14,29.61,4.25,.8,125.8425
Nifty Midcap Select,2025-10-15,29.82,4.29,.79,127.9278
Nifty Midcap Select,2025-10-16,30.0,4.33,.79,129.9
Nifty Midcap Select,2025-10-17,29.77,4.29,.79,127.7133
Nifty Midcap Select,2025-10-20,30.79,4.32,.79,133.0128
Nifty Midcap Select,2025-10-21,30.79,4.32,.79,133.0128
Nifty Midcap Select,2025-10-23,30.72,4.31,.79,132.40319999999997
Nifty Midcap Select,2025-10-24,30.63,4.3,.79,131.709
Nifty Midcap Select,2025-10-27,30.9,4.35,.78,134.415
Nifty Midcap Select,2025-10-28,30.88,4.36,.78,134.6368
Nifty Midcap Select,2025-10-29,31.18,4.38,.78,136.5684
Nifty Midcap Select,2025-10-30,31.26,4.39,.77,137.2314
Nifty Midcap Select,2025-10-31,29.87,4.39,.78,131.1293
Nifty Midcap Select,2025-11-03,30.14,4.43,.78,133.5202
Nifty Midcap Select,2025-11-04,30.01,4.41,.78,132.3441
Nifty Midcap Select,2025-11-06,29.05,4.36,.83,126.65800000000002
Nifty Midcap Select,2025-11-07,28.94,4.39,.82,127.0466
Nifty Midcap Select,2025-11-10,29.08,4.41,.82,128.2428
Nifty Midcap Select,2025-11-11,29.41,4.46,.81,131.1686
Nifty Midcap Select,2025-11-12,29.79,4.52,.8,134.65079999999998
Nifty Midcap Select,2025-11-13,29.7,4.51,.8,133.947
Nifty Midcap Select,2025-11-14,29.62,4.52,.8,133.8824
Nifty Midcap Select,2025-11-17,29.9,4.57,.79,136.643
Nifty Midcap Select,2025-11-18,29.53,4.54,.82,134.0662
Nifty Midcap Select,2025-11-19,29.71,4.57,.79,135.77470000000002
Nifty Midcap Select,2025-11-20,29.58,4.57,.79,135.1806
Nifty Midcap Select,2025-11-21,29.28,4.52,.8,132.3456
Nifty Midcap Select,2025-11-24,29.04,4.48,.81,130.0992
Nifty Midcap Select,2025-11-25,29.18,4.51,.8,131.6018
Nifty Midcap Select,2025-11-26,29.61,4.57,.79,135.3177
Nifty Midcap Select,2025-11-27,29.75,4.59,.79,136.5525
Nifty Midcap Select,2025-11-28,29.68,4.58,.79,135.9344
Nifty Midcap Select,2025-12-01,29.69,4.58,.79,135.9802
Nifty Midcap Select,2025-12-02,29.57,4.57,.79,135.13490000000002
Nifty Midcap Select,2025-12-03,29.26,4.52,.8,132.2552
Nifty Midcap Select,2025-12-04,29.33,4.53,.8,132.8649
Nifty Midcap Select,2025-12-05,29.59,4.57,.79,135.2263
Nifty Midcap Select,2025-12-08,29.1,4.49,.81,130.65900000000002
Nifty Midcap Select,2025-12-09,29.05,4.48,.81,130.144
Nifty Midcap Select,2025-12-10,28.61,4.42,.82,126.4562
Nifty Midcap Select,2025-12-11,29.02,4.48,.81,130.0096
Nifty Midcap Select,2025-12-12,29.4,4.54,.8,133.476
Nifty Midcap Select,2025-12-15,29.3,4.52,.8,132.43599999999998
Nifty Midcap Select,2025-12-16,29.06,4.49,.81,130.4794
Nifty Midcap Select,2025-12-17,28.86,4.45,.81,128.427
Nifty Midcap Select,2025-12-18,29.05,4.49,.81,130.4345
Nifty Midcap Select,2025-12-19,29.3,4.52,.8,132.43599999999998
Nifty Midcap Select,2025-12-22,29.53,4.56,.79,134.6568
Nifty Midcap Select,2025-12-23,29.48,4.55,.8,134.134
Nifty Midcap Select,2025-12-24,29.2,4.51,.8,131.69199999999998
Nifty Midcap Select,2025-12-26,29.01,4.48,.81,129.96480000000003
Nifty Midcap Select,2025-12-29,28.86,4.45,.81,128.427
Nifty Midcap Select,2025-12-30,28.75,4.44,.82,127.65
Nifty Midcap Select,2025-12-31,29.24,4.54,.81,132.7496
Nifty Midcap Select,2026-01-01,29.38,4.57,.8,134.2666
Nifty Midcap Select,2026-01-02,29.68,4.61,.79,136.8248
Nifty Midcap Select,2026-01-05,29.64,4.61,.8,136.6404
Nifty Midcap Select,2026-01-06,29.62,4.6,.8,136.25199999999998
Nifty Midcap Select,2026-01-07,29.83,4.64,.79,138.41119999999998
Nifty Midcap Select,2026-01-08,29.2,4.54,.81,132.56799999999998
Nifty Midcap Select,2026-01-09,29.03,4.51,.81,130.9253
Nifty Midcap Select,2026-01-12,29.07,4.52,.81,131.3964
Nifty Midcap Select,2026-01-13,28.97,4.5,.81,130.365
Nifty Midcap Select,2026-01-14,29.09,4.52,.81,131.4868
Nifty Midcap Select,2026-01-16,29.07,4.52,.81,131.3964
Nifty Midcap Select,2026-01-19,28.86,4.5,.81,129.87
Nifty Midcap Select,2026-01-20,28.09,4.39,.84,123.31509999999999
Nifty Midcap Select,2026-01-21,27.59,4.34,.85,119.7406
Nifty Midcap Select,2026-01-22,27.45,4.4,.83,120.78
Nifty Midcap Select,2026-01-23,26.91,4.31,.85,115.98209999999999
Nifty Midcap Select,2026-01-27,27.06,4.33,.87,117.1698
Nifty Midcap Select,2026-01-28,28.23,4.41,.86,124.49430000000001
Nifty Midcap Select,2026-01-29,28.3,4.43,.85,125.369
Nifty Midcap Select,2026-01-30,28.25,4.42,.86,124.865
Nifty Midcap Select,2026-02-01,27.4,4.29,.86,117.54599999999999
Nifty Midcap Select,2026-02-02,27.9,4.37,.85,121.923
Nifty Midcap Select,2026-02-03,28.74,4.5,.82,129.32999999999998
Nifty Midcap Select,2026-02-04,29.57,4.53,.81,133.9521
Nifty Midcap Select,2026-02-05,29.52,4.52,.82,133.4304
Nifty Midcap Select,2026-02-06,29.42,4.5,.82,132.39000000000001
Nifty Midcap Select,2026-02-09,29.85,4.57,.79,136.4145
Nifty Midcap Select,2026-02-10,29.96,4.6,.79,137.816
Nifty Midcap Select,2026-02-11,29.67,4.6,.92,136.482
Nifty Midcap Select,2026-02-12,29.55,4.58,.82,135.339
Nifty Midcap Select,2026-02-13,28.97,4.5,.84,130.365
Nifty Midcap Select,2026-02-16,28.72,4.5,.82,129.24
Nifty Midcap Select,2026-02-17,28.65,4.51,.82,129.2115
Nifty Midcap Select,2026-02-18,28.79,4.53,.81,130.4187
Nifty Midcap Select,2026-02-19,28.19,4.43,.83,124.8817
Nifty Midcap Select,2026-02-20,28.26,4.45,.83,125.757
Nifty Midcap Select,2026-02-23,28.26,4.45,.83,125.757
Nifty Midcap Select,2026-02-24,28.2,4.44,.83,125.20800000000001
Nifty Midcap Select,2026-02-25,28.43,4.47,.82,127.0821
Nifty Midcap Select,2026-02-26,28.63,4.5,.82,128.835
Nifty Midcap Select,2026-02-27,28.37,4.45,.82,126.24650000000001
Nifty Midcap Select,2026-03-02,27.95,4.38,.84,122.42099999999999
Nifty Midcap Select,2026-03-04,27.41,4.3,.85,117.863
Nifty Midcap Select,2026-03-05,27.88,4.37,.84,121.8356
Nifty Midcap Select,2026-03-06,27.69,4.34,.84,120.1746
Nifty Midcap Select,2026-03-09,27.21,4.27,.86,116.18669999999999
Nifty Midcap Select,2026-03-10,27.78,4.35,.84,120.84299999999999
Nifty Midcap Select,2026-03-11,27.26,4.27,.86,116.4002
